CustomerID,Age,Gender,AnnualIncome,TotalSpend,VisitFrequency,LastPurchaseDays,CategoryPreference
C0001,56,M,65648,8655,22,78,Beauty
C0002,69,M,123537,18852,19,69,Beauty
C0003,46,M,145991,16769,27,118,Fashion
C0004,32,F,29516,248,21,120,Electronics
C0005,60,M,132863,13495,2,59,Fashion
C0006,25,M,135005,4995,11,33,Home Decor
C0007,38,M,22396,17496,22,62,Fashion
C0008,56,F,104082,11123,13,50,Groceries
C0009,36,F,39129,10799,15,112,Groceries
C0010,40,M,148322,9815,12,19,Sports
C0011,28,M,21591,19269,22,123,Groceries
C0012,28,M,31303,16263,21,47,Fashion
C0013,41,M,50561,5882,22,167,Groceries
C0014,53,F,91719,18892,11,33,Electronics
C0015,57,F,138618,16824,7,141,Groceries
C0016,41,F,112108,2917,28,84,Home Decor
C0017,20,F,148748,15196,5,135,Electronics
C0018,39,M,119616,18980,17,79,Sports
C0019,19,M,144165,5399,24,14,Home Decor
C0020,41,M,106231,10017,20,147,Fashion
C0021,61,F,27314,18173,9,128,Fashion
C0022,47,M,137071,3367,14,54,Fashion
C0023,55,F,39623,4506,26,148,Home Decor
C0024,19,F,87675,17926,12,29,Home Decor
C0025,38,M,132992,10482,6,24,Home Decor
C0026,50,M,116826,4537,17,82,Electronics
C0027,29,M,85082,5535,19,63,Beauty
C0028,39,F,149839,4207,19,105,Electronics
C0029,61,M,103624,660,26,57,Fashion
C0030,42,F,125228,12429,16,136,Beauty
C0031,66,M,53130,1926,12,62,Groceries
C0032,44,F,71756,11521,12,157,Fashion
C0033,59,F,117624,12365,20,17,Sports
C0034,45,M,46292,7729,6,66,Electronics
C0035,33,F,131785,8425,23,6,Home Decor
C0036,32,F,147331,19622,26,58,Electronics
C0037,64,M,106206,7793,4,69,Home Decor
C0038,68,F,89274,8364,6,156,Beauty
C0039,61,M,22469,12786,11,62,Sports
C0040,69,F,73947,13816,1,169,Beauty
C0041,20,M,42534,6821,24,82,Sports
C0042,54,M,83620,19462,23,169,Electronics
C0043,68,F,68874,7473,15,177,Home Decor
C0044,24,F,69708,6007,27,177,Beauty
C0045,38,F,94553,16227,11,71,Sports
C0046,26,F,88344,5756,25,131,Fashion
C0047,56,F,69138,9084,19,10,Fashion
C0048,35,M,74302,8386,18,98,Beauty
C0049,21,F,67638,6001,17,89,Home Decor
C0050,42,M,98249,5017,19,35,Beauty
C0051,31,M,125865,8529,21,2,Electronics
C0052,67,F,22719,14816,14,124,Sports
C0053,26,M,42890,15895,27,24,Electronics
C0054,43,M,97236,11238,18,74,Fashion
C0055,19,M,56509,2630,28,166,Sports
C0056,37,M,62534,18444,19,22,Beauty
C0057,45,F,122302,17532,15,154,Electronics
C0058,64,M,112241,5872,15,171,Groceries
C0059,24,F,38787,15576,4,39,Home Decor
C0060,61,F,146209,19013,7,157,Home Decor
C0061,25,M,68845,15851,13,20,Groceries
C0062,64,F,77932,3064,3,41,Fashion
C0063,52,F,112124,7237,16,148,Sports
C0064,31,F,111659,17447,9,108,Home Decor
C0065,34,M,53062,17020,8,147,Groceries
C0066,53,F,95713,13991,20,84,Beauty
C0067,67,F,107263,7440,13,111,Groceries
C0068,57,F,115756,8067,17,66,Fashion
C0069,21,M,80461,12515,17,158,Fashion
C0070,19,F,95418,11971,17,53,Electronics
C0071,23,M,86672,12016,1,34,Home Decor
C0072,59,M,148232,8834,8,150,Electronics
C0073,21,M,54832,945,19,67,Groceries
C0074,46,M,147335,19520,6,134,Sports
C0075,35,M,51966,2594,3,27,Sports
C0076,43,M,92545,12777,27,10,Fashion
C0077,61,F,32987,19203,5,73,Sports
C0078,51,M,57311,18368,13,96,Sports
C0079,27,F,51575,12430,15,48,Sports
C0080,53,F,83852,5279,14,70,Groceries
C0081,31,M,147650,6710,29,100,Sports
C0082,48,F,21007,6530,23,59,Beauty
C0083,65,F,90981,7254,16,2,Sports
C0084,32,F,96242,13928,18,157,Sports
C0085,25,F,67517,10245,22,65,Electronics
C0086,31,M,130022,6588,29,83,Groceries
C0087,40,F,49257,3950,22,154,Fashion
C0088,57,M,107272,17173,11,10,Electronics
C0089,38,F,62207,13664,3,53,Home Decor
C0090,33,F,33281,5178,22,79,Groceries
C0091,62,M,81246,12268,10,59,Beauty
C0092,35,F,21435,5548,10,150,Groceries
C0093,64,F,118875,17663,21,179,Home Decor
C0094,41,F,120686,9174,16,48,Home Decor
C0095,43,M,111357,6506,12,149,Home Decor
C0096,42,F,46660,8900,2,123,Fashion
C0097,62,M,25084,14183,9,22,Sports
C0098,58,F,102197,1738,24,100,Groceries
C0099,46,M,33507,10440,3,98,Sports
C0100,32,M,92595,1482,24,158,Sports
C0101,62,F,103807,1503,25,25,Beauty
C0102,18,F,65539,9111,15,28,Home Decor
C0103,42,M,135953,3392,3,113,Fashion
C0104,24,M,27491,9111,19,45,Beauty
C0105,26,F,147706,519,18,68,Electronics
C0106,41,M,132831,12511,8,7,Fashion
C0107,18,F,70192,4617,26,49,Sports
C0108,61,F,100395,19786,17,137,Fashion
C0109,25,F,143797,15522,8,164,Home Decor
C0110,41,F,83888,9800,7,83,Electronics
C0111,28,M,93609,5793,7,129,Home Decor
C0112,68,F,29077,867,3,138,Electronics
C0113,34,M,137440,18528,1,164,Beauty
C0114,25,F,142901,14918,4,73,Sports
C0115,52,M,40953,1649,25,46,Electronics
C0116,52,F,96919,10056,5,106,Electronics
C0117,50,M,134682,6240,1,160,Electronics
C0118,22,M,141041,10937,15,32,Fashion
C0119,59,F,87889,3816,5,6,Beauty
C0120,56,F,43821,4581,13,176,Fashion
C0121,58,F,57567,6648,8,166,Sports
C0122,45,F,135374,18777,8,145,Electronics
C0123,24,M,44860,4937,5,74,Beauty
C0124,26,F,41195,7858,28,114,Beauty
C0125,25,M,97475,11000,9,27,Groceries
C0126,29,M,110874,8093,1,54,Sports
C0127,51,F,107266,5642,4,178,Beauty
C0128,50,M,41427,14928,3,163,Electronics
C0129,65,M,120732,16152,2,85,Electronics
C0130,40,M,47083,2485,8,127,Beauty
C0131,41,M,107046,14408,23,153,Fashion
C0132,54,F,77372,771,9,156,Sports
C0133,52,F,143786,263,2,111,Electronics
C0134,61,F,64064,8756,14,15,Beauty
C0135,57,F,27813,11334,14,132,Electronics
C0136,39,M,51598,4895,4,93,Beauty
C0137,44,M,132718,10734,6,123,Sports
C0138,52,F,146879,4898,11,73,Beauty
C0139,18,F,113106,18839,3,155,Groceries
C0140,52,F,47082,10849,8,154,Beauty
C0141,54,M,49241,5927,3,147,Beauty
C0142,64,F,116214,4819,14,92,Sports
C0143,31,F,64569,693,28,17,Beauty
C0144,20,F,31745,7494,13,43,Sports
C0145,18,M,46029,14156,13,121,Groceries
C0146,22,M,33025,19977,2,41,Sports
C0147,43,M,121660,10736,13,170,Electronics
C0148,31,M,143395,19156,29,178,Sports
C0149,56,M,34288,116,19,168,Groceries
C0150,44,M,109186,3291,27,39,Home Decor
C0151,26,M,26540,492,6,113,Beauty
C0152,32,M,117768,6372,16,151,Sports
C0153,32,F,101958,17055,2,111,Beauty
C0154,43,F,88878,3731,8,47,Fashion
C0155,59,M,61846,6272,17,63,Electronics
C0156,30,M,121148,9412,23,110,Electronics
C0157,68,F,95932,18763,2,69,Fashion
C0158,49,M,37482,9006,10,43,Fashion
C0159,56,M,43411,17259,28,176,Sports
C0160,66,M,70975,18731,16,34,Fashion
C0161,69,F,80545,16562,6,40,Home Decor
C0162,49,F,132302,8180,28,61,Beauty
C0163,21,F,98797,7199,2,178,Beauty
C0164,47,F,72307,15016,2,62,Groceries
C0165,54,F,23093,7183,26,58,Fashion
C0166,40,M,97258,9323,13,161,Fashion
C0167,56,F,42042,5040,24,75,Home Decor
C0168,62,M,72930,19755,15,16,Electronics
C0169,32,M,137584,3556,28,82,Electronics
C0170,60,F,64413,7888,2,94,Beauty
C0171,46,F,133387,2811,7,48,Beauty
C0172,53,M,113623,11380,3,138,Sports
C0173,30,M,117883,18152,8,82,Home Decor
C0174,49,M,53756,16631,23,38,Groceries
C0175,24,F,73268,12189,14,127,Groceries
C0176,68,F,59214,10242,24,19,Home Decor
C0177,39,F,101871,16849,23,164,Groceries
C0178,45,F,147844,15687,27,63,Electronics
C0179,19,F,48602,9966,22,77,Groceries
C0180,59,M,73331,4631,29,174,Groceries
C0181,62,F,68901,12786,7,131,Home Decor
C0182,23,M,119986,5430,21,102,Home Decor
C0183,45,M,83416,5610,7,65,Groceries
C0184,45,M,52196,9064,1,120,Fashion
C0185,61,F,148386,6593,17,91,Home Decor
C0186,61,F,25626,10859,9,8,Sports
C0187,37,F,27424,5539,21,179,Sports
C0188,47,M,32857,14573,13,73,Electronics
C0189,28,M,130459,9865,21,134,Groceries
C0190,45,M,135621,13379,19,107,Fashion
C0191,42,M,39982,6611,21,89,Electronics
C0192,56,M,96961,11583,19,39,Groceries
C0193,50,M,21980,17730,25,113,Home Decor
C0194,18,F,68290,2476,25,28,Sports
C0195,44,F,46431,19493,22,97,Beauty
C0196,69,F,104976,11924,17,37,Fashion
C0197,30,F,127288,18311,23,137,Beauty
C0198,58,M,102711,7079,23,82,Sports
C0199,20,M,134187,9932,10,56,Beauty
C0200,56,F,46385,12604,10,85,Home Decor
C0201,23,M,58158,7010,4,2,Groceries
C0202,25,F,43019,14189,8,58,Home Decor
C0203,44,F,38639,2296,22,107,Beauty
C0204,26,F,105530,6078,20,123,Home Decor
C0205,54,M,119911,17253,20,168,Sports
C0206,50,F,41563,880,18,164,Fashion
C0207,68,F,59341,10008,14,114,Home Decor
C0208,59,F,135672,6403,18,107,Sports
C0209,61,M,25776,14786,28,37,Fashion
C0210,41,M,56444,4083,14,79,Groceries
C0211,32,F,88916,9603,20,92,Beauty
C0212,49,M,28711,17005,21,18,Groceries
C0213,49,M,94318,13170,24,98,Electronics
C0214,41,M,102970,12332,15,63,Sports
C0215,58,M,132301,4683,22,150,Fashion
C0216,69,M,105553,6046,4,139,Home Decor
C0217,66,M,50707,16477,13,4,Groceries
C0218,66,M,59110,7228,27,135,Fashion
C0219,69,M,149410,11989,23,61,Sports
C0220,29,M,81788,12375,8,107,Electronics
C0221,56,M,102879,2561,18,54,Groceries
C0222,19,F,58827,14391,12,88,Beauty
C0223,20,F,127188,14136,23,68,Fashion
C0224,66,M,25655,11535,14,129,Beauty
C0225,54,F,64859,785,2,55,Fashion
C0226,66,F,73625,18644,18,3,Fashion
C0227,34,M,72098,12358,24,166,Sports
C0228,66,M,35251,16090,2,121,Sports
C0229,19,M,142413,16522,11,129,Sports
C0230,19,F,20526,10836,9,102,Home Decor
C0231,45,F,88760,4975,12,38,Fashion
C0232,40,M,67837,17740,17,85,Groceries
C0233,54,M,145133,11282,15,157,Beauty
C0234,49,M,149478,2296,25,133,Sports
C0235,50,F,31536,7265,17,92,Sports
C0236,18,F,48541,16097,26,21,Beauty
C0237,36,F,99083,14315,29,109,Beauty
C0238,19,F,71027,401,26,47,Fashion
C0239,61,M,54531,17130,18,84,Sports
C0240,43,M,28712,14671,22,83,Beauty
C0241,49,M,124101,10051,6,35,Home Decor
C0242,23,M,85455,10873,17,69,Home Decor
C0243,49,F,94744,16240,23,129,Sports
C0244,21,F,141787,13157,24,140,Beauty
C0245,28,M,149749,12600,18,27,Fashion
C0246,34,M,25109,16021,8,56,Fashion
C0247,55,F,141332,11970,9,23,Fashion
C0248,41,M,69268,4182,6,153,Electronics
C0249,22,F,120737,13818,5,21,Sports
C0250,69,M,74615,10617,12,61,Fashion
C0251,51,M,102503,3854,25,63,Home Decor
C0252,23,M,143274,1824,29,122,Beauty
C0253,39,M,49759,1476,28,52,Groceries
C0254,28,M,105708,8806,11,88,Groceries
C0255,65,M,80112,8994,25,153,Fashion
C0256,33,M,122471,18137,1,55,Groceries
C0257,50,F,146740,18550,11,46,Groceries
C0258,26,F,143153,16506,19,32,Electronics
C0259,23,F,46589,18944,9,55,Home Decor
C0260,33,F,50015,6026,27,96,Home Decor
C0261,46,F,49009,6351,2,133,Electronics
C0262,20,M,103309,9596,12,36,Electronics
C0263,37,M,146446,3400,4,110,Groceries
C0264,53,F,82046,8653,4,177,Sports
C0265,36,M,126661,3827,18,106,Beauty
C0266,43,F,46143,16998,15,58,Beauty
C0267,20,F,26154,16932,19,39,Groceries
C0268,36,M,41804,6119,13,80,Beauty
C0269,37,M,61688,15563,19,97,Electronics
C0270,49,M,84288,10147,17,113,Home Decor
C0271,24,F,71195,11854,6,61,Beauty
C0272,69,M,40581,2620,16,137,Groceries
C0273,58,F,72648,3181,24,6,Sports
C0274,50,F,50087,1528,12,109,Groceries
C0275,57,F,69930,4067,19,35,Fashion
C0276,56,M,52981,6545,5,39,Groceries
C0277,35,M,89298,14666,17,150,Electronics
C0278,57,F,66167,14142,26,169,Home Decor
C0279,18,M,95304,11429,23,118,Home Decor
C0280,28,M,63408,2259,26,5,Beauty
C0281,45,M,59499,5232,29,170,Electronics
C0282,42,F,145816,19031,1,87,Fashion
C0283,67,F,72269,19463,28,76,Electronics
C0284,40,M,58559,15033,27,158,Groceries
C0285,48,F,134126,10573,25,57,Electronics
C0286,47,M,94319,19133,24,127,Electronics
C0287,59,M,131925,10905,23,29,Fashion
C0288,52,M,115317,3183,10,165,Groceries
C0289,24,M,116347,17521,15,87,Sports
C0290,33,F,68787,14044,23,141,Sports
C0291,43,F,55488,19973,21,160,Home Decor
C0292,65,F,94441,7704,21,46,Beauty
C0293,69,M,94663,15479,11,116,Electronics
C0294,66,M,42431,19118,13,112,Home Decor
C0295,19,M,81681,4083,5,151,Fashion
C0296,18,F,83483,1878,1,45,Sports
C0297,65,M,142720,5210,24,145,Electronics
C0298,29,F,69153,12187,12,104,Fashion
C0299,22,F,26368,17608,11,85,Beauty
C0300,54,F,47424,17181,17,134,Fashion
C0301,49,F,132360,2279,4,108,Electronics
C0302,26,F,65004,9696,15,18,Beauty
C0303,58,F,103869,5351,25,94,Fashion
C0304,52,M,108652,9335,9,150,Beauty
C0305,36,M,132755,18413,21,33,Electronics
C0306,65,F,76985,14971,20,158,Electronics
C0307,33,F,70069,1113,19,126,Beauty
C0308,20,M,72326,16710,19,160,Groceries
C0309,37,F,128737,1928,12,170,Home Decor
C0310,41,F,101061,8009,5,122,Fashion
C0311,50,M,43398,5688,10,138,Fashion
C0312,41,F,118393,13209,17,115,Groceries
C0313,69,F,70861,2123,5,164,Groceries
C0314,28,F,95897,14637,22,162,Groceries
C0315,66,M,101905,5991,16,28,Sports
C0316,25,M,147118,1180,7,11,Sports
C0317,53,M,88577,5136,28,167,Beauty
C0318,55,F,85641,15479,9,47,Sports
C0319,57,F,29078,10922,3,127,Electronics
C0320,37,M,45003,2663,15,147,Beauty
C0321,52,F,82768,3392,16,118,Fashion
C0322,65,F,71047,3686,18,143,Home Decor
C0323,42,F,91626,16187,14,126,Electronics
C0324,52,F,77660,16200,3,156,Fashion
C0325,42,F,124386,6743,12,152,Fashion
C0326,46,M,69786,4059,9,72,Beauty
C0327,35,F,21925,11105,28,107,Groceries
C0328,63,M,103976,10875,7,137,Groceries
C0329,35,F,125221,261,9,175,Electronics
C0330,19,M,137832,16129,13,33,Groceries
C0331,52,F,145150,17077,18,19,Fashion
C0332,33,M,46015,14326,5,74,Groceries
C0333,58,F,53320,11254,13,168,Sports
C0334,53,M,84881,12180,4,175,Groceries
C0335,50,F,110827,3490,2,157,Fashion
C0336,21,M,140071,6097,16,178,Beauty
C0337,50,F,122215,12793,9,98,Electronics
C0338,31,M,46289,17147,9,141,Home Decor
C0339,38,M,148859,9424,6,129,Groceries
C0340,65,F,23389,641,11,162,Fashion
C0341,37,F,45683,5193,22,93,Home Decor
C0342,25,M,33629,13528,24,176,Home Decor
C0343,24,F,81550,11266,22,48,Sports
C0344,20,M,44826,17351,1,177,Home Decor
C0345,34,M,120734,16163,4,64,Beauty
C0346,50,M,46630,10358,13,61,Fashion
C0347,65,F,118762,16144,23,157,Fashion
C0348,29,M,66163,5569,13,39,Groceries
C0349,68,M,118511,6356,13,128,Groceries
C0350,39,F,86435,10820,2,88,Groceries
C0351,39,F,31653,1269,9,26,Beauty
C0352,63,F,47961,930,24,17,Home Decor
C0353,47,F,101941,1751,8,71,Home Decor
C0354,55,M,94137,17620,7,13,Sports
C0355,55,M,53662,19294,4,69,Beauty
C0356,62,M,118818,9618,18,26,Groceries
C0357,68,M,76446,13358,3,49,Electronics
C0358,25,F,41288,16284,28,7,Sports
C0359,44,M,142555,1119,6,58,Electronics
C0360,44,M,115081,10128,12,49,Home Decor
C0361,51,F,56877,12548,12,103,Sports
C0362,38,M,131562,12585,21,53,Sports
C0363,47,M,35313,1383,28,62,Fashion
C0364,50,M,100885,17143,8,17,Home Decor
C0365,45,M,92715,18494,22,171,Home Decor
C0366,64,M,30326,1833,22,25,Beauty
C0367,50,M,130091,18609,1,131,Sports
C0368,22,F,145836,18655,4,29,Home Decor
C0369,65,F,21560,16330,21,117,Sports
C0370,36,M,99148,14572,28,160,Beauty
C0371,21,M,103186,12989,11,26,Beauty
C0372,52,F,46745,3571,3,124,Fashion
C0373,66,M,51890,9128,13,144,Sports
C0374,34,M,40022,8429,25,25,Home Decor
C0375,61,M,143629,2197,17,54,Home Decor
C0376,45,F,72579,14182,22,156,Sports
C0377,47,M,90316,14030,22,73,Sports
C0378,46,F,103847,10177,10,120,Sports
C0379,63,M,48380,6497,21,56,Groceries
C0380,23,F,130198,2857,12,65,Home Decor
C0381,52,F,22356,18384,15,93,Beauty
C0382,58,M,90326,19094,21,86,Home Decor
C0383,54,F,112447,17933,10,80,Groceries
C0384,41,M,134994,5117,14,169,Sports
C0385,46,F,109899,16470,13,108,Fashion
C0386,66,M,40049,8099,5,179,Sports
C0387,63,M,95717,10295,6,118,Sports
C0388,48,F,125361,2196,24,157,Groceries
C0389,52,M,36082,15533,2,83,Home Decor
C0390,50,M,20661,10695,22,147,Sports
C0391,69,F,57412,16041,17,169,Home Decor
C0392,38,M,134015,19815,4,173,Electronics
C0393,49,M,143191,15178,14,15,Beauty
C0394,40,F,22920,5205,10,131,Home Decor
C0395,50,F,111194,19462,3,139,Fashion
C0396,20,M,134306,2939,25,174,Beauty
C0397,35,M,80315,3484,3,30,Fashion
C0398,42,F,99561,10951,15,57,Sports
C0399,59,F,28946,10153,6,146,Beauty
C0400,48,M,114242,13593,17,179,Home Decor
C0401,20,F,65500,17169,12,128,Beauty
C0402,57,M,124540,14239,22,48,Sports
C0403,63,M,36309,7631,20,136,Groceries
C0404,41,M,75230,4383,24,22,Fashion
C0405,67,M,131822,7836,29,6,Sports
C0406,49,M,118656,7810,11,104,Groceries
C0407,64,F,143782,1719,25,36,Beauty
C0408,39,F,50027,14075,4,79,Beauty
C0409,40,F,146768,12935,26,116,Sports
C0410,19,F,92541,15361,28,57,Home Decor
C0411,44,M,132340,1531,26,49,Beauty
C0412,59,M,134846,9167,6,173,Home Decor
C0413,19,M,79321,4813,1,82,Home Decor
C0414,43,M,20956,9657,20,66,Home Decor
C0415,34,F,120375,9535,23,77,Electronics
C0416,57,M,94131,5098,28,45,Groceries
C0417,50,M,67908,262,16,79,Groceries
C0418,26,F,98339,2074,15,20,Beauty
C0419,60,F,145659,19775,17,123,Beauty
C0420,65,F,45963,8561,8,67,Home Decor
C0421,56,F,121757,17115,28,83,Electronics
C0422,46,M,59443,17389,26,3,Home Decor
C0423,59,M,119259,2114,12,64,Electronics
C0424,43,F,59063,9933,27,40,Home Decor
C0425,52,M,134225,7996,22,59,Fashion
C0426,67,M,136400,304,21,62,Fashion
C0427,42,M,100818,17065,10,132,Sports
C0428,41,F,24703,9132,27,60,Home Decor
C0429,30,M,85128,5447,15,116,Beauty
C0430,24,F,92099,2743,9,75,Groceries
C0431,53,M,45849,8117,2,122,Sports
C0432,62,M,51860,18781,5,107,Beauty
C0433,37,M,51585,17358,6,96,Fashion
C0434,18,F,42015,5660,7,91,Home Decor
C0435,25,M,97539,15992,21,158,Sports
C0436,63,F,63585,14631,25,130,Home Decor
C0437,33,F,46958,17173,1,62,Fashion
C0438,31,F,46017,4100,23,49,Sports
C0439,29,M,96707,14389,26,137,Fashion
C0440,68,M,144677,17155,7,92,Electronics
C0441,40,M,65350,8027,20,159,Fashion
C0442,32,M,32201,15662,25,124,Home Decor
C0443,45,F,49426,1271,12,61,Groceries
C0444,51,F,37778,12018,16,48,Fashion
C0445,19,F,65241,9235,16,153,Beauty
C0446,49,M,62229,6442,11,164,Groceries
C0447,40,F,106652,17933,21,136,Electronics
C0448,39,M,148267,12029,4,58,Sports
C0449,68,F,138402,2639,13,101,Sports
C0450,42,M,68364,4059,7,112,Groceries
C0451,39,M,118833,13283,4,173,Sports
C0452,39,F,146503,5532,15,62,Fashion
C0453,66,F,149044,18845,19,39,Groceries
C0454,69,F,104878,1853,9,58,Home Decor
C0455,59,F,77056,18422,11,99,Fashion
C0456,23,M,47490,10223,8,44,Fashion
C0457,32,F,147769,16476,1,29,Fashion
C0458,60,F,39975,6688,23,59,Home Decor
C0459,54,F,46723,6404,25,71,Electronics
C0460,50,M,43279,7445,24,92,Beauty
C0461,25,M,98301,15452,8,9,Sports
C0462,61,F,132214,697,13,127,Groceries
C0463,61,M,31561,19546,22,134,Electronics
C0464,22,F,127435,2436,27,157,Groceries
C0465,56,M,86061,9979,4,145,Sports
C0466,21,M,108397,672,8,144,Home Decor
C0467,23,M,69153,7621,3,131,Fashion
C0468,62,M,53142,6271,29,21,Fashion
C0469,49,F,46916,18574,9,64,Home Decor
C0470,69,F,84324,14092,29,90,Electronics
C0471,47,F,64965,11961,2,36,Electronics
C0472,64,M,145932,12564,2,62,Groceries
C0473,52,F,24648,1733,28,170,Home Decor
C0474,57,F,55133,18001,13,76,Electronics
C0475,69,F,70677,12585,15,170,Home Decor
C0476,33,M,116059,10949,28,13,Sports
C0477,30,M,114588,3748,23,11,Fashion
C0478,67,M,119950,15277,12,54,Fashion
C0479,59,F,118317,13240,26,16,Fashion
C0480,47,F,90135,18021,4,8,Home Decor
C0481,36,F,55046,14457,26,104,Home Decor
C0482,34,M,67064,13468,8,59,Groceries
C0483,36,M,121459,3237,9,57,Fashion
C0484,45,F,126625,197,23,40,Groceries
C0485,43,M,89350,11507,5,130,Fashion
C0486,54,M,65893,12822,24,94,Groceries
C0487,43,M,121520,13024,20,138,Groceries
C0488,40,M,145818,3850,18,44,Sports
C0489,26,F,81272,8635,11,139,Groceries
C0490,29,M,112152,4766,15,80,Home Decor
C0491,18,M,142907,16109,28,81,Groceries
C0492,18,M,87649,17094,22,2,Fashion
C0493,64,M,84674,1827,9,178,Groceries
C0494,51,F,144132,1954,17,140,Electronics
C0495,49,F,139044,10900,27,115,Beauty
C0496,65,M,128542,5155,26,90,Fashion
C0497,42,M,33760,10371,12,23,Electronics
C0498,57,M,41927,18808,7,146,Fashion
C0499,62,M,106475,12919,10,62,Home Decor
C0500,18,M,81367,9469,25,113,Beauty
C0501,33,M,117955,9383,26,128,Beauty
C0502,56,F,32588,13271,25,62,Home Decor
C0503,22,M,141750,5874,10,38,Beauty
C0504,39,F,121678,6619,27,166,Home Decor
C0505,46,F,124734,11083,13,61,Electronics
C0506,20,M,138154,18233,19,129,Sports
C0507,29,F,72233,15039,11,173,Fashion
C0508,43,F,64738,881,13,156,Home Decor
C0509,33,F,53397,16382,21,149,Fashion
C0510,68,F,102189,6923,8,122,Electronics
C0511,54,F,96367,18589,8,110,Sports
C0512,39,F,144873,7293,4,13,Electronics
C0513,46,M,91260,2213,15,155,Beauty
C0514,31,F,140585,16380,28,100,Fashion
C0515,45,F,96619,13665,11,135,Sports
C0516,22,F,131453,10283,11,22,Beauty
C0517,64,M,39816,18061,1,74,Sports
C0518,66,F,62240,9303,17,132,Beauty
C0519,47,M,26276,18758,15,23,Electronics
C0520,63,F,133939,15895,20,119,Home Decor
C0521,69,M,124199,18910,6,70,Fashion
C0522,22,M,99530,13589,24,84,Groceries
C0523,29,F,43499,5646,22,101,Groceries
C0524,33,F,108576,6952,28,84,Electronics
C0525,43,M,128856,2651,25,161,Fashion
C0526,43,F,102495,6511,15,28,Fashion
C0527,65,M,141717,16491,9,136,Electronics
C0528,38,M,91635,19039,14,1,Fashion
C0529,56,M,127803,575,18,165,Home Decor
C0530,53,M,105112,10503,26,63,Electronics
C0531,50,M,55946,7339,17,22,Home Decor
C0532,47,F,75204,6810,18,70,Fashion
C0533,54,M,71886,8178,5,125,Electronics
C0534,40,M,91652,2385,20,149,Fashion
C0535,27,F,35563,5323,20,96,Electronics
C0536,22,M,112324,13621,9,163,Fashion
C0537,53,F,112464,14989,11,79,Home Decor
C0538,51,F,121872,7071,24,5,Home Decor
C0539,69,F,29847,11631,22,60,Fashion
C0540,48,M,46155,14821,1,120,Electronics
C0541,27,M,99671,19306,18,46,Groceries
C0542,36,M,136891,5043,6,178,Home Decor
C0543,49,F,103310,6630,27,176,Home Decor
C0544,18,M,87278,11216,2,134,Beauty
C0545,22,F,38309,358,15,56,Groceries
C0546,62,M,20619,382,29,110,Fashion
C0547,21,F,103194,14037,26,157,Electronics
C0548,33,M,70108,1998,21,104,Beauty
C0549,41,M,54707,4235,14,77,Fashion
C0550,33,M,40337,6729,5,146,Sports
C0551,19,F,145261,11268,6,2,Home Decor
C0552,66,F,101537,19684,6,8,Sports
C0553,45,M,86504,712,22,75,Home Decor
C0554,49,M,67614,14303,18,125,Home Decor
C0555,44,F,111428,17171,14,38,Sports
C0556,37,F,111155,2407,10,176,Sports
C0557,41,F,20281,7233,14,27,Fashion
C0558,29,M,47420,11305,13,20,Beauty
C0559,67,F,100896,6006,3,140,Beauty
C0560,52,M,59030,2691,6,43,Sports
C0561,50,F,21058,15249,29,31,Fashion
C0562,50,M,106213,12250,8,91,Beauty
C0563,68,F,96260,7283,12,61,Fashion
C0564,60,F,48404,10202,13,109,Fashion
C0565,54,F,123482,17153,11,91,Home Decor
C0566,29,F,125284,1383,12,163,Beauty
C0567,20,F,49856,1023,1,95,Beauty
C0568,18,M,29200,1225,17,143,Home Decor
C0569,50,F,84178,1629,16,144,Sports
C0570,57,F,53997,8538,11,13,Home Decor
C0571,27,F,45611,16254,13,113,Beauty
C0572,60,M,139273,8104,18,35,Beauty
C0573,61,F,61235,9852,11,149,Sports
C0574,46,M,137428,10692,28,158,Home Decor
C0575,30,F,55057,3964,12,48,Electronics
C0576,29,F,21239,326,6,35,Electronics
C0577,48,M,123674,15136,9,86,Sports
C0578,63,F,134474,11839,16,166,Home Decor
C0579,19,M,85661,16748,4,159,Home Decor
C0580,68,M,146945,9687,3,152,Fashion
C0581,67,F,65272,11849,28,114,Beauty
C0582,52,M,109393,745,16,177,Groceries
C0583,40,F,81212,16399,24,100,Sports
C0584,34,F,144088,19474,27,160,Groceries
C0585,43,M,35398,13775,26,99,Groceries
C0586,25,M,140030,18988,25,3,Sports
C0587,46,M,76503,11064,12,85,Home Decor
C0588,43,M,26638,16187,11,125,Sports
C0589,27,F,26570,13637,5,138,Groceries
C0590,43,F,88785,13369,25,83,Beauty
C0591,51,M,29110,9446,18,25,Beauty
C0592,68,F,125899,687,19,68,Beauty
C0593,58,F,99141,12863,23,61,Home Decor
C0594,24,F,32115,9277,23,29,Electronics
C0595,21,F,59062,4179,6,127,Sports
C0596,67,M,42911,3448,22,19,Beauty
C0597,62,M,124061,18199,18,171,Sports
C0598,28,F,52556,10885,26,74,Beauty
C0599,46,M,98131,12428,6,61,Home Decor
C0600,53,M,148335,6550,4,171,Electronics
C0601,42,M,21969,13330,12,153,Electronics
C0602,38,F,63753,5533,19,20,Beauty
C0603,53,F,102811,1198,29,48,Home Decor
C0604,27,F,24470,7196,27,87,Fashion
C0605,54,M,141863,18810,29,152,Sports
C0606,26,F,30225,11539,2,139,Sports
C0607,41,F,127860,9187,17,110,Groceries
C0608,52,M,143008,16121,11,28,Home Decor
C0609,66,F,127510,6516,11,59,Groceries
C0610,52,F,128295,7080,21,133,Beauty
C0611,65,M,43196,18158,16,51,Groceries
C0612,53,M,125823,11201,2,149,Electronics
C0613,35,M,33669,8050,2,12,Sports
C0614,66,F,57380,9222,23,50,Groceries
C0615,56,F,144398,12676,8,132,Electronics
C0616,49,F,130677,1189,13,113,Home Decor
C0617,41,M,135886,4678,10,170,Groceries
C0618,40,M,146753,9227,8,166,Beauty
C0619,49,F,68320,10587,4,153,Beauty
C0620,54,F,67414,255,15,14,Beauty
C0621,29,M,123542,2058,1,32,Sports
C0622,66,M,35577,10793,11,139,Groceries
C0623,30,M,145354,6444,7,146,Home Decor
C0624,40,M,108009,5879,17,155,Groceries
C0625,42,F,146365,3930,27,55,Sports
C0626,52,M,75409,9146,20,120,Electronics
C0627,58,F,48625,9894,24,75,Sports
C0628,47,F,101040,541,18,21,Beauty
C0629,34,F,44089,14578,22,172,Electronics
C0630,66,M,56487,4728,29,133,Beauty
C0631,37,M,85838,6470,22,87,Fashion
C0632,65,M,116999,9628,12,169,Sports
C0633,42,M,130448,17432,9,59,Sports
C0634,39,F,114795,11665,5,89,Home Decor
C0635,30,M,70138,8279,10,150,Groceries
C0636,36,M,62823,16113,4,83,Electronics
C0637,66,F,57208,16943,5,65,Electronics
C0638,53,M,74061,492,28,64,Home Decor
C0639,29,F,50659,12230,28,71,Home Decor
C0640,58,F,149824,18271,10,4,Groceries
C0641,36,F,121376,10549,11,143,Beauty
C0642,29,F,51890,17622,21,104,Groceries
C0643,26,F,99134,7518,24,150,Sports
C0644,24,F,67055,2554,10,175,Beauty
C0645,45,F,132269,17861,28,93,Fashion
C0646,31,F,39508,15323,8,174,Groceries
C0647,48,M,62287,6801,2,142,Home Decor
C0648,69,M,98916,2697,23,178,Beauty
C0649,36,M,46984,241,8,148,Groceries
C0650,64,M,130169,2759,16,178,Electronics
C0651,33,F,28125,9131,27,112,Fashion
C0652,22,M,56059,15137,22,161,Sports
C0653,52,F,89569,14070,5,119,Electronics
C0654,29,M,123409,5761,27,59,Electronics
C0655,42,M,37087,6242,25,43,Fashion
C0656,69,M,126437,12209,29,12,Sports
C0657,38,F,135262,8887,3,40,Home Decor
C0658,53,M,25704,10196,12,118,Beauty
C0659,40,F,80576,8572,13,20,Sports
C0660,33,F,93384,16907,13,166,Groceries
C0661,56,M,107128,4349,10,131,Electronics
C0662,62,M,131279,15049,4,156,Groceries
C0663,59,M,92460,1850,9,90,Home Decor
C0664,56,F,47208,18451,22,94,Groceries
C0665,31,M,138516,4188,24,13,Sports
C0666,48,F,149612,15382,23,66,Groceries
C0667,22,F,105150,19430,27,37,Home Decor
C0668,52,M,86024,9741,2,177,Home Decor
C0669,40,M,59882,5175,19,66,Home Decor
C0670,46,F,45923,10512,1,36,Sports
C0671,60,F,146561,15786,25,26,Home Decor
C0672,28,F,134044,7330,29,75,Electronics
C0673,35,M,121477,15532,7,108,Home Decor
C0674,64,F,49165,11102,17,168,Groceries
C0675,29,M,87203,14047,3,43,Beauty
C0676,26,F,111749,13786,20,150,Groceries
C0677,27,F,24114,18015,20,148,Beauty
C0678,61,M,84965,13174,21,8,Groceries
C0679,34,F,56321,19474,3,29,Sports
C0680,55,M,93297,4593,3,40,Groceries
C0681,24,M,116652,17417,17,158,Sports
C0682,63,F,119304,1560,7,128,Sports
C0683,30,M,133942,14240,27,84,Home Decor
C0684,57,M,45426,19207,26,116,Electronics
C0685,59,F,37772,10804,14,144,Beauty
C0686,26,M,123754,16769,17,174,Home Decor
C0687,67,M,23712,16748,18,62,Home Decor
C0688,44,M,21367,6916,13,7,Sports
C0689,19,F,126493,11739,20,45,Sports
C0690,22,M,127317,14524,29,176,Beauty
C0691,46,F,135142,14065,20,155,Groceries
C0692,54,F,111736,18246,21,88,Groceries
C0693,55,M,71924,11340,27,73,Home Decor
C0694,36,M,23726,140,18,163,Fashion
C0695,25,M,109152,5927,4,179,Fashion
C0696,65,F,47723,8359,1,37,Groceries
C0697,62,M,146969,17471,18,119,Fashion
C0698,18,M,123110,14949,1,57,Groceries
C0699,39,M,120494,16332,26,8,Sports
C0700,69,M,29108,7904,26,95,Home Decor
C0701,34,M,97714,19682,13,117,Electronics
C0702,24,F,55643,5474,20,110,Home Decor
C0703,42,F,51324,2624,20,20,Groceries
C0704,62,M,123896,9377,23,124,Groceries
C0705,21,M,103360,18963,10,53,Home Decor
C0706,53,M,130896,9985,27,119,Beauty
C0707,23,M,28927,878,11,12,Groceries
C0708,48,F,113680,1592,9,177,Fashion
C0709,36,M,116546,17144,9,17,Fashion
C0710,61,F,42443,17832,5,64,Groceries
C0711,56,F,99973,13715,26,42,Groceries
C0712,44,M,83449,12232,1,94,Beauty
C0713,27,F,129834,10278,17,157,Fashion
C0714,43,F,125314,7951,22,147,Groceries
C0715,36,F,96743,16388,2,11,Groceries
C0716,56,F,141805,7256,24,98,Beauty
C0717,20,M,80233,2144,13,178,Beauty
C0718,62,M,45537,7468,9,71,Home Decor
C0719,30,F,121293,13735,29,108,Beauty
C0720,67,M,97576,9268,4,58,Electronics
C0721,45,M,127522,17211,5,34,Fashion
C0722,37,M,42612,11428,11,20,Home Decor
C0723,45,M,113977,13419,24,50,Electronics
C0724,25,M,26471,442,19,102,Groceries
C0725,58,F,55631,1547,21,138,Groceries
C0726,56,M,148449,6681,3,160,Home Decor
C0727,18,M,128997,11951,12,52,Beauty
C0728,20,M,112059,6417,26,15,Groceries
C0729,30,M,51348,17010,19,84,Sports
C0730,45,F,84732,10188,19,131,Home Decor
C0731,66,F,21177,13046,13,37,Electronics
C0732,42,F,24760,16889,28,126,Home Decor
C0733,50,F,52779,14667,7,40,Fashion
C0734,55,M,41636,14968,15,72,Beauty
C0735,23,F,101889,9865,23,40,Beauty
C0736,61,M,73551,12566,7,56,Home Decor
C0737,62,M,31556,18330,26,151,Groceries
C0738,49,M,47598,17962,8,104,Groceries
C0739,62,M,31563,10687,5,139,Sports
C0740,64,M,66819,871,21,110,Sports
C0741,38,F,129326,16400,14,136,Beauty
C0742,33,F,93770,8870,4,93,Sports
C0743,38,F,111055,11193,23,94,Electronics
C0744,28,F,46966,13903,10,56,Sports
C0745,54,M,140133,293,20,60,Electronics
C0746,53,F,101709,2107,15,138,Sports
C0747,52,M,79889,17669,18,39,Beauty
C0748,36,F,46987,18878,20,28,Beauty
C0749,37,M,98714,11290,13,49,Electronics
C0750,35,M,124874,10084,29,164,Home Decor
C0751,64,F,78348,9402,8,125,Beauty
C0752,58,M,44596,7529,9,13,Home Decor
C0753,66,M,53174,2361,16,36,Groceries
C0754,31,F,84106,6816,19,101,Electronics
C0755,32,M,127510,9021,16,26,Beauty
C0756,48,F,89967,4478,7,86,Fashion
C0757,18,F,79182,7915,14,4,Groceries
C0758,20,F,113300,13878,28,82,Home Decor
C0759,33,M,107163,19935,14,166,Beauty
C0760,40,M,59310,12828,25,127,Electronics
C0761,28,M,76088,10432,27,88,Sports
C0762,29,F,148803,9936,4,127,Fashion
C0763,27,M,28906,2900,26,120,Home Decor
C0764,49,F,56914,8433,15,22,Groceries
C0765,33,F,130350,5510,3,130,Electronics
C0766,25,M,65379,17939,5,31,Fashion
C0767,55,F,98612,5908,1,119,Electronics
C0768,29,M,134828,6896,3,11,Beauty
C0769,41,M,147445,10388,15,46,Sports
C0770,45,M,57650,17809,24,96,Groceries
C0771,25,M,66881,17643,27,10,Electronics
C0772,45,M,66413,4750,8,168,Home Decor
C0773,53,F,26012,5087,29,128,Beauty
C0774,43,F,70115,15300,4,152,Beauty
C0775,25,F,27151,4797,2,99,Groceries
C0776,67,M,77716,16824,29,172,Beauty
C0777,45,M,113747,3928,24,112,Home Decor
C0778,45,M,112653,18452,24,60,Electronics
C0779,54,F,56378,17187,10,87,Groceries
C0780,58,M,62652,12705,4,145,Beauty
C0781,53,F,92430,5582,3,65,Beauty
C0782,44,F,33467,18284,2,57,Home Decor
C0783,34,M,51010,5563,25,106,Sports
C0784,26,M,148647,13960,17,9,Sports
C0785,50,F,141999,5012,23,22,Beauty
C0786,37,M,134793,4748,21,141,Electronics
C0787,30,F,74691,955,24,89,Groceries
C0788,45,M,84157,2966,20,176,Beauty
C0789,65,M,128177,11934,23,18,Fashion
C0790,46,F,32289,16394,13,115,Groceries
C0791,30,M,64976,16666,5,168,Sports
C0792,63,F,63596,3212,21,145,Beauty
C0793,52,M,43171,4592,9,143,Home Decor
C0794,23,F,120441,15214,25,106,Fashion
C0795,35,F,146296,1617,29,15,Beauty
C0796,68,M,106365,16118,25,63,Electronics
C0797,22,F,138218,17840,28,167,Fashion
C0798,64,M,119590,11531,22,13,Beauty
C0799,42,M,134014,8310,6,81,Electronics
C0800,19,M,64139,11695,5,32,Fashion
C0801,27,F,68713,12971,25,137,Electronics
C0802,47,F,49734,12843,10,40,Electronics
C0803,67,M,92588,9424,8,148,Fashion
C0804,62,M,83646,11631,7,82,Fashion
C0805,22,F,23654,6688,7,77,Electronics
C0806,50,M,109022,3411,6,76,Sports
C0807,18,M,38743,1087,21,172,Fashion
C0808,35,F,68368,3421,29,38,Beauty
C0809,49,M,110025,15912,20,71,Groceries
C0810,64,F,94172,4715,3,48,Home Decor
C0811,66,M,26441,15612,19,18,Electronics
C0812,28,F,139735,13246,22,144,Electronics
C0813,38,M,44611,13754,15,39,Home Decor
C0814,43,M,139891,3152,4,89,Sports
C0815,42,F,127971,826,28,62,Home Decor
C0816,39,M,32149,3860,12,141,Fashion
C0817,44,F,120102,1975,6,109,Home Decor
C0818,66,M,79189,14069,19,81,Electronics
C0819,30,F,127904,4133,4,134,Home Decor
C0820,50,F,41675,5543,15,77,Groceries
C0821,51,F,91031,17473,9,90,Beauty
C0822,58,F,62668,3844,5,14,Fashion
C0823,52,M,33673,17077,13,95,Home Decor
C0824,18,M,149582,1874,23,54,Electronics
C0825,38,F,96666,10751,26,132,Beauty
C0826,65,F,108204,1035,18,39,Fashion
C0827,23,F,100758,13495,5,72,Electronics
C0828,45,M,85429,3908,25,25,Sports
C0829,34,M,43669,16815,16,77,Groceries
C0830,22,M,54068,11741,27,160,Sports
C0831,48,M,108789,19186,19,166,Groceries
C0832,22,F,29435,14476,14,120,Home Decor
C0833,55,F,114088,5989,25,53,Fashion
C0834,20,F,72249,5154,16,156,Home Decor
C0835,40,M,57384,3968,27,131,Groceries
C0836,54,M,148782,16685,15,150,Groceries
C0837,54,M,101929,18981,22,96,Groceries
C0838,27,F,147959,1942,4,166,Beauty
C0839,27,F,96153,10158,7,72,Electronics
C0840,36,M,124056,9201,16,62,Fashion
C0841,34,F,95388,12597,24,6,Home Decor
C0842,38,M,51401,4758,22,32,Home Decor
C0843,31,M,145511,11481,21,99,Sports
C0844,26,F,91831,7644,22,138,Groceries
C0845,63,M,139503,7818,21,131,Groceries
C0846,18,F,135760,13951,8,76,Groceries
C0847,68,M,121529,17254,17,177,Home Decor
C0848,62,F,147834,19639,16,59,Sports
C0849,30,F,54084,11877,27,31,Electronics
C0850,21,F,140387,1728,23,93,Beauty
C0851,18,M,130641,486,10,69,Fashion
C0852,66,M,125111,6131,10,52,Electronics
C0853,57,F,75826,6539,27,89,Home Decor
C0854,49,F,56451,13492,2,127,Beauty
C0855,51,M,27227,18950,9,169,Beauty
C0856,45,M,51910,2382,17,31,Beauty
C0857,48,M,56041,1956,11,84,Groceries
C0858,25,F,108920,15770,10,127,Fashion
C0859,56,M,85681,2098,22,150,Home Decor
C0860,43,M,123314,5576,25,132,Home Decor
C0861,51,F,101571,9528,17,13,Beauty
C0862,20,M,85481,4769,4,45,Home Decor
C0863,67,M,88576,12436,16,127,Fashion
C0864,29,M,127958,9442,20,170,Fashion
C0865,18,F,149265,7164,15,114,Sports
C0866,61,F,147556,7546,25,177,Sports
C0867,22,F,84174,17915,27,20,Electronics
C0868,47,F,46160,5724,21,81,Fashion
C0869,47,F,135170,7561,5,164,Fashion
C0870,34,F,137867,1919,6,129,Fashion
C0871,65,F,37633,10616,17,143,Sports
C0872,64,M,114880,13849,1,17,Beauty
C0873,40,M,37014,17614,25,152,Beauty
C0874,32,F,100532,2758,19,58,Home Decor
C0875,54,M,69104,3600,4,72,Beauty
C0876,38,M,61621,2220,17,109,Groceries
C0877,31,F,97231,4120,9,23,Sports
C0878,19,M,88388,10313,24,174,Fashion
C0879,28,M,36014,3359,2,72,Beauty
C0880,68,M,112578,10181,8,8,Sports
C0881,56,M,53755,1923,15,59,Beauty
C0882,55,M,60390,17958,7,111,Electronics
C0883,51,F,43711,18726,27,13,Fashion
C0884,55,F,111658,13567,6,167,Electronics
C0885,67,F,77993,19727,1,156,Fashion
C0886,51,M,94696,7090,15,16,Sports
C0887,35,F,47213,3234,23,119,Home Decor
C0888,47,M,135788,18554,26,2,Beauty
C0889,32,M,124956,16843,7,145,Beauty
C0890,44,M,77784,15534,29,30,Groceries
C0891,68,M,27421,15107,25,103,Electronics
C0892,51,F,106936,10333,17,13,Beauty
C0893,69,F,119073,16478,2,96,Sports
C0894,55,M,37727,1241,27,94,Home Decor
C0895,50,F,132418,18119,9,82,Sports
C0896,41,M,24358,10235,29,13,Electronics
C0897,32,F,85108,13066,9,171,Groceries
C0898,47,F,146609,3461,13,94,Beauty
C0899,59,M,114018,7935,6,149,Sports
C0900,68,F,144457,11272,6,112,Fashion
C0901,34,M,52117,16490,20,55,Home Decor
C0902,22,F,108700,3367,20,81,Sports
C0903,46,M,51910,6664,21,168,Home Decor
C0904,21,M,146888,19090,3,116,Beauty
C0905,27,F,118032,11511,17,143,Fashion
C0906,34,F,75754,6006,17,108,Groceries
C0907,27,M,82438,16128,12,53,Groceries
C0908,34,F,129847,19757,16,128,Fashion
C0909,37,F,49371,7711,15,158,Home Decor
C0910,41,M,71501,17397,13,161,Beauty
C0911,22,M,80946,2111,23,57,Sports
C0912,51,F,58467,17926,1,52,Fashion
C0913,23,M,37625,11346,17,137,Electronics
C0914,19,M,53893,13890,3,111,Home Decor
C0915,30,M,96329,11838,26,1,Groceries
C0916,60,F,51007,14830,15,44,Fashion
C0917,60,F,111302,11220,4,75,Groceries
C0918,65,M,59532,18313,4,98,Home Decor
C0919,28,F,74253,8867,18,9,Groceries
C0920,68,M,32323,13803,17,32,Fashion
C0921,64,F,131335,1029,19,15,Home Decor
C0922,40,M,132356,12051,11,140,Electronics
C0923,33,M,130944,15945,20,136,Fashion
C0924,48,F,93379,17538,3,72,Sports
C0925,28,M,34210,15847,8,155,Beauty
C0926,33,F,36456,5844,14,12,Fashion
C0927,25,F,51367,18384,26,65,Home Decor
C0928,21,M,74624,9749,1,107,Beauty
C0929,57,M,30106,7080,14,42,Fashion
C0930,21,F,123493,7169,2,115,Electronics
C0931,42,M,88008,9691,29,139,Electronics
C0932,20,M,145926,19899,23,103,Sports
C0933,49,M,135395,542,4,171,Groceries
C0934,20,M,136492,4752,24,95,Beauty
C0935,44,M,92240,9470,27,17,Home Decor
C0936,46,F,84315,7697,29,160,Home Decor
C0937,49,F,89249,14425,19,85,Groceries
C0938,67,M,90587,4558,6,168,Electronics
C0939,68,M,30756,6691,25,151,Electronics
C0940,36,M,88011,16446,1,56,Fashion
C0941,38,F,56378,11926,17,134,Sports
C0942,22,M,24255,18793,8,86,Beauty
C0943,35,F,34484,14238,19,178,Sports
C0944,45,F,145703,17394,21,102,Sports
C0945,59,F,76549,2269,1,165,Fashion
C0946,39,M,54503,18656,5,54,Sports
C0947,38,F,144465,6413,27,177,Groceries
C0948,23,M,93794,8415,16,115,Fashion
C0949,18,F,145941,8136,6,139,Groceries
C0950,22,M,126283,885,8,88,Fashion
C0951,58,F,120732,6239,13,49,Sports
C0952,29,M,65113,6444,16,149,Groceries
C0953,43,F,125730,18900,3,115,Groceries
C0954,63,M,94069,15073,19,63,Groceries
C0955,51,M,118117,5719,12,104,Fashion
C0956,66,M,25249,2036,16,83,Home Decor
C0957,31,M,145654,3907,27,103,Sports
C0958,43,F,139979,7251,11,156,Groceries
C0959,62,F,39201,9593,10,17,Beauty
C0960,44,M,145541,12455,25,6,Home Decor
C0961,26,F,78576,3336,20,147,Beauty
C0962,43,M,138562,15948,4,28,Sports
C0963,64,M,145281,2452,12,38,Sports
C0964,39,F,29686,2032,23,119,Groceries
C0965,64,M,132413,11013,2,37,Groceries
C0966,47,M,73363,8656,24,115,Fashion
C0967,60,F,117543,5598,22,68,Home Decor
C0968,65,M,20661,10682,19,177,Home Decor
C0969,34,M,64843,17430,25,43,Groceries
C0970,43,M,115673,13965,5,164,Sports
C0971,53,M,80963,9669,8,58,Groceries
C0972,18,F,133092,17923,7,13,Sports
C0973,25,F,62828,4957,14,52,Sports
C0974,66,F,68604,440,24,58,Groceries
C0975,52,M,30526,11281,23,32,Electronics
C0976,69,M,88910,16866,3,105,Home Decor
C0977,32,F,45592,8591,18,83,Beauty
C0978,64,M,48982,238,16,99,Sports
C0979,39,M,20207,458,23,104,Sports
C0980,31,M,120969,9814,19,28,Electronics
C0981,43,M,137181,19940,19,129,Beauty
C0982,45,F,108733,1727,18,170,Fashion
C0983,40,F,118936,16096,20,48,Electronics
C0984,31,F,144982,5104,16,40,Beauty
C0985,41,M,145839,13383,8,97,Electronics
C0986,19,F,88619,6752,28,114,Sports
C0987,62,F,49328,19654,1,132,Home Decor
C0988,43,M,66479,2251,17,166,Electronics
C0989,31,M,128427,9529,12,155,Fashion
C0990,68,F,40103,14172,21,137,Groceries
C0991,24,F,59891,12027,11,111,Beauty
C0992,20,F,30754,7005,5,144,Electronics
C0993,64,F,119983,19318,27,76,Electronics
C0994,40,M,101437,12552,12,31,Fashion
C0995,63,F,118540,16312,17,119,Home Decor
C0996,60,F,92982,19051,6,142,Electronics
C0997,64,M,122747,1407,1,25,Electronics
C0998,62,F,75922,14952,5,34,Home Decor
C0999,35,M,68231,2760,25,67,Fashion
C1000,55,M,49301,10503,28,152,Beauty
